Active_Users,TimeOfDay,Date,Day,TypeOfDay
14838,Night,2/28/19,Thu,Weekday
19458,Morning,3/1/19,Fri,Weekday
45439,Night,3/1/19,Fri,Weekday
29878,Morning,3/2/19,Sat,Weekend
19118,Night,3/2/19,Sat,Weekend
16097,Morning,3/3/19,Sun,Weekend
26314,Night,3/3/19,Sun,Weekend
22229,Morning,3/4/19,Mon,Weekday
23567,Night,3/4/19,Mon,Weekday
32844,Morning,3/5/19,Tue,Weekday
36816,Night,3/5/19,Tue,Weekday
23321,Morning,3/6/19,Wed,Weekday
23407,Night,3/6/19,Wed,Weekday
22194,Morning,3/7/19,Thu,Weekday
38228,Night,3/7/19,Thu,Weekday
27088,Morning,3/8/19,Fri,Weekday
36844,Night,3/8/19,Fri,Weekday
32196,Morning,3/9/19,Sat,Weekend
24125,Night,3/9/19,Sat,Weekend
21929,Morning,3/10/19,Sun,Weekend
31580,Night,3/10/19,Sun,Weekend
34898,Morning,3/11/19,Mon,Weekday
34722,Night,3/11/19,Mon,Weekday
35754,Morning,3/12/19,Tue,Weekday
31040,Night,3/12/19,Tue,Weekday
34343,Morning,3/13/19,Wed,Weekday
41017,Night,3/13/19,Wed,Weekday
19786,Morning,3/14/19,Thu,Weekday
35744,Night,3/14/19,Thu,Weekday
31574,Morning,3/15/19,Fri,Weekday
56903,Night,3/15/19,Fri,Weekday
33464,Morning,3/16/19,Sat,Weekend
23689,Night,3/16/19,Sat,Weekend
17165,Morning,3/17/19,Sun,Weekend
19686,Night,3/17/19,Sun,Weekend
27110,Morning,3/18/19,Mon,Weekday
36805,Night,3/18/19,Mon,Weekday
20453,Morning,3/19/19,Tue,Weekday
37951,Night,3/19/19,Tue,Weekday
28275,Morning,3/20/19,Wed,Weekday
21825,Night,3/20/19,Wed,Weekday
20858,Morning,3/21/19,Thu,Weekday
24375,Night,3/21/19,Thu,Weekday
21288,Morning,3/22/19,Fri,Weekday
34958,Night,3/22/19,Fri,Weekday
21263,Morning,3/23/19,Sat,Weekend
20197,Night,3/23/19,Sat,Weekend
14393,Morning,3/24/19,Sun,Weekend
28063,Night,3/24/19,Sun,Weekend
36778,Morning,3/25/19,Mon,Weekday
35041,Night,3/25/19,Mon,Weekday
19631,Morning,3/26/19,Tue,Weekday
28506,Night,3/26/19,Tue,Weekday
18340,Morning,3/27/19,Wed,Weekday
18878,Night,3/27/19,Wed,Weekday
35169,Morning,3/28/19,Thu,Weekday
23246,Night,3/28/19,Thu,Weekday
29361,Morning,3/29/19,Fri,Weekday
30750,Night,3/29/19,Fri,Weekday
35692,Morning,3/30/19,Sat,Weekend
28432,Night,3/30/19,Sat,Weekend
19952,Morning,3/31/19,Sun,Weekend
29366,Night,3/31/19,Sun,Weekend
22036,Morning,4/1/19,Mon,Weekday
28013,Night,4/1/19,Mon,Weekday
22805,Morning,4/2/19,Tue,Weekday
19370,Night,4/2/19,Tue,Weekday
24787,Morning,4/3/19,Wed,Weekday
24661,Night,4/3/19,Wed,Weekday
18730,Morning,4/4/19,Thu,Weekday
32232,Night,4/4/19,Thu,Weekday
42029,Morning,4/5/19,Fri,Weekday
20047,Night,4/5/19,Fri,Weekday
16865,Morning,4/6/19,Sat,Weekend
55975,Night,4/6/19,Sat,Weekend
12825,Morning,4/7/19,Sun,Weekend